{
  "coverage": [
    0.3160621761658031,
    0.31891891891891894,
    0.3776595744680851,
    0.2923076923076923,
    0.3282828282828283,
    0.5967741935483871,
    0.34196891191709844,
    0.48677248677248675,
    0.5578947368421052,
    0.058823529411764705
  ],
  "victims_found": [
    5,
    1,
    8,
    9,
    5,
    11,
    5,
    7,
    11,
    2
  ],
  "obstacle_hits": [
    197,
    331,
    171,
    77,
    186,
    222,
    59,
    149,
    139,
    302
  ],
  "uav_collisions": [
    29,
    36,
    83,
    0,
    69,
    0,
    99,
    2,
    5,
    0
  ],
  "avg_reward": [
    -0.0852222222222222,
    -0.18188888888888885,
    -0.06788888888888887,
    0.009444444444444462,
    -0.0982222222222222,
    -0.04799999999999995,
    -0.02077777777777776,
    -0.029888888888888878,
    -0.0025555555555555327,
    -0.1646666666666666
  ],
  "steps": [
    899,
    899,
    899,
    899,
    899,
    899,
    899,
    899,
    899,
    899
  ]
}